,sample,viruses_only,host_exclusion
0,HCFKNDSX3_104762-001-002_47_GAAGGAAG-CCAGGATG_L004,0,8
1,HCFKNDSX3_104762-001-002_64_AACGCATT-CAACCTGC_L004,0,39
2,HCFKNDSX3_104762-001-002_57_ATTATCAA-GAGAGTCG_L004,0,16
3,HCFKNDSX3_104762-001-002_44_TTAATCAG-CAGATTGG_L004,0,23
4,HCFKNDSX3_104762-001-002_53_TCTGCAAG-AAGGTGAA_L004,0,66
5,HCFKNDSX3_104762-001-002_09_CATGATCG-GGAGAGTA_L004,3,78
6,H7NKYDSX3_104762-001-003_56_TTAATCAG-CAGATTGG_L001,0,85
7,HCFKNDSX3_104762-001-002_35_AGGTGCGA-GCCAGAAG_L004,0,56
8,HCFKNDSX3_104762-001-002_27_CTGTGGCG-GGCTAGTG_L004,0,26
9,H7NKYDSX3_104762-001-003_31_TCGCCTTG-GAATCAGC_L001,1,73
10,HCFKNDSX3_104762-001-002_71_TAAGCACA-TTAATGTC_L004,2,41
11,HCFKNDSX3_104762-001-002_12_GAACCTAG-AATACCAG_L004,2,79
12,HCFKNDSX3_104762-001-002_03_TAATGAAC-AAGCCAAG_L004,2,23
13,H7NKYDSX3_104762-001-003_81_GCCGTCGA-GTGATTAA_L001,1,71
14,H7NKYDSX3_104762-001-003_57_CTATGCGT-TGATATTC_L001,0,47
15,H7NKYDSX3_104762-001-003_06_CCAGTTAG-ATGACAGG_L001,2,102
16,HCFKNDSX3_104762-001-002_14_CGTTACCA-TAGCGTTC_L004,1,28
17,HCFKNDSX3_104762-001-002_63_TCGCTAGA-GCAGTACT_L004,0,46
