,sample,genomad viruses,blast viruses,blast_non_viral
0,HCFKNDSX3_104762-001-002_47_GAAGGAAG-CCAGGATG_L004,8,3,1
1,HCFKNDSX3_104762-001-002_64_AACGCATT-CAACCTGC_L004,29,8,2
2,HCFKNDSX3_104762-001-002_57_ATTATCAA-GAGAGTCG_L004,10,4,2
3,HCFKNDSX3_104762-001-002_44_TTAATCAG-CAGATTGG_L004,15,3,3
4,HCFKNDSX3_104762-001-002_53_TCTGCAAG-AAGGTGAA_L004,33,18,1
5,HCFKNDSX3_104762-001-002_09_CATGATCG-GGAGAGTA_L004,53,23,5
6,H7NKYDSX3_104762-001-003_56_TTAATCAG-CAGATTGG_L001,62,19,4
7,HCFKNDSX3_104762-001-002_35_AGGTGCGA-GCCAGAAG_L004,37,18,4
8,HCFKNDSX3_104762-001-002_27_CTGTGGCG-GGCTAGTG_L004,13,4,0
9,H7NKYDSX3_104762-001-003_31_TCGCCTTG-GAATCAGC_L001,48,16,5
10,HCFKNDSX3_104762-001-002_71_TAAGCACA-TTAATGTC_L004,38,10,0
11,HCFKNDSX3_104762-001-002_12_GAACCTAG-AATACCAG_L004,53,23,4
12,HCFKNDSX3_104762-001-002_03_TAATGAAC-AAGCCAAG_L004,21,8,2
13,H7NKYDSX3_104762-001-003_81_GCCGTCGA-GTGATTAA_L001,40,14,2
14,H7NKYDSX3_104762-001-003_57_CTATGCGT-TGATATTC_L001,36,13,1
15,H7NKYDSX3_104762-001-003_06_CCAGTTAG-ATGACAGG_L001,70,32,4
16,HCFKNDSX3_104762-001-002_14_CGTTACCA-TAGCGTTC_L004,19,9,1
17,HCFKNDSX3_104762-001-002_63_TCGCTAGA-GCAGTACT_L004,29,10,3
