,sample,num_bins,num_unbinned_contigs
0,HCFKNDSX3_104762-001-002_47_GAAGGAAG-CCAGGATG_L004,6,2
1,HCFKNDSX3_104762-001-002_64_AACGCATT-CAACCTGC_L004,16,7
2,HCFKNDSX3_104762-001-002_57_ATTATCAA-GAGAGTCG_L004,9,0
3,HCFKNDSX3_104762-001-002_44_TTAATCAG-CAGATTGG_L004,13,1
4,HCFKNDSX3_104762-001-002_53_TCTGCAAG-AAGGTGAA_L004,24,3
5,HCFKNDSX3_104762-001-002_09_CATGATCG-GGAGAGTA_L004,35,8
6,H7NKYDSX3_104762-001-003_56_TTAATCAG-CAGATTGG_L001,40,4
7,HCFKNDSX3_104762-001-002_35_AGGTGCGA-GCCAGAAG_L004,25,4
8,HCFKNDSX3_104762-001-002_27_CTGTGGCG-GGCTAGTG_L004,11,2
9,H7NKYDSX3_104762-001-003_31_TCGCCTTG-GAATCAGC_L001,26,6
10,HCFKNDSX3_104762-001-002_71_TAAGCACA-TTAATGTC_L004,20,7
11,HCFKNDSX3_104762-001-002_12_GAACCTAG-AATACCAG_L004,35,6
12,HCFKNDSX3_104762-001-002_03_TAATGAAC-AAGCCAAG_L004,15,0
13,H7NKYDSX3_104762-001-003_81_GCCGTCGA-GTGATTAA_L001,30,2
14,H7NKYDSX3_104762-001-003_57_CTATGCGT-TGATATTC_L001,22,6
15,H7NKYDSX3_104762-001-003_06_CCAGTTAG-ATGACAGG_L001,33,10
16,HCFKNDSX3_104762-001-002_14_CGTTACCA-TAGCGTTC_L004,15,3
17,HCFKNDSX3_104762-001-002_63_TCGCTAGA-GCAGTACT_L004,21,2
